"year","ModNegExp","samp.depth","Spline","AgeDepSpline","RCS","SFRCS","EPS"
1653,0.973057613901962,1,1.32967400188773,1.2504239070065,0.598879103282626,0.503516840863705,NA
1654,0.572886669388892,1,0.776226652974108,0.734619711445339,0.352988367428801,0.310303887057475,NA
1655,0.702399541482187,1,0.943195228468648,0.898778779182984,0.429653248306098,0.36188533825575,NA
1656,0.746055658710286,1,0.992128933091317,0.95260484401317,0.44186944766319,0.361316555653329,NA
1657,0.919026294400921,1,1.2093463378561,1.17095081579121,0.628571428571429,0.492799246814667,NA
1658,0.919831648634449,1,1.19661152304532,1.16945006328085,0.63797009515179,0.504194077764527,NA
1659,0.53224408401293,1,0.683576462604462,0.675206859841335,0.334017234304473,0.273575569080584,NA
1660,0.74867536167763,1,0.947421909580253,0.947672389516341,0.485156912637829,0.403799128475657,NA
1661,0.547589620271044,1,0.681279237218915,0.691576086783351,0.384721583064887,0.298197616416087,NA
1662,0.63460872066511,1,0.774592941191139,0.799626370682781,0.444648598989435,0.373665052246147,NA
1663,0.678474143846273,1,0.811186478774812,0.852866988798809,0.42639175257732,0.380044542362809,NA
1664,0.809106875388258,1,0.947011662909397,1.01457797355469,0.528528528528529,0.460591684991539,NA
1665,1.1424250407217,1,1.30980900839608,1.42888427863598,0.682907662082515,0.580417155474442,NA
1666,1.08553787656415,1,1.22129958073885,1.35411591183534,0.68294701986755,0.599395593921192,NA
1667,1.2168763142052,1,1.346668067435,1.51371401192537,0.719346049046321,0.642903230662816,NA
1668,1.23245153525502,1,1.34497385262894,1.52859374695821,0.780141843971631,0.647291290152787,NA
1669,0.609514900231018,1,0.657267646205059,0.753638485963083,0.391857506361323,0.337888724881172,NA
1670,0.479328694571585,1,0.51133710123089,0.590736686295913,0.295964125560538,0.245008370667434,NA
1671,0.508829550921086,1,0.537412296848088,0.624933452309379,0.341009743135518,0.279145720412779,NA
1672,1.00401108068591,1,1.05125600558605,1.22861092440178,0.640506329113924,0.539348336171457,NA
1673,0.844700759138845,1,0.879056983189113,1.02967816560881,0.537263157894737,0.465963999759434,NA
1674,1.35563776156931,1,1.40764949572808,1.64576876249352,0.856066945606695,0.721570347497272,NA
1675,1.75076605028184,1,1.82350803539651,2.11631218078892,1.0568454763811,0.929348588089275,NA
1676,1.38725717805332,1,1.4580353457768,1.66929023573062,0.839357429718876,0.709185170065001,NA
1677,0.774633178088712,1,0.826064937295325,0.927659725299562,0.48421926910299,0.423584792544538,NA
1678,1.1556717839857,1,1.25566666566406,1.37701239909837,0.71996685998343,0.629217623742262,NA
1679,1.20062894919722,1,1.33291308672369,1.42303398233873,0.719011558389797,0.674713309975223,NA
1680,0.454301884085441,1,0.51585236713413,0.535484343216295,0.301236749116608,0.266251214581266,NA
1681,0.322696130260641,1,0.374250526296246,0.378168707713924,0.208530805687204,0.181417255343261,NA
1682,0.308303852207403,1,0.364023676339688,0.359133742998827,0.212121212121212,0.181305084846342,NA
1683,0.39674580961717,1,0.47501351338177,0.459275979996768,0.250527203711514,0.214037246409136,NA
1684,0.838325576892536,1,1.01416107700458,0.964185446209058,0.520116134384073,0.437711474175606,NA
1685,1.11877068679382,1,1.36460652932076,1.27815095054512,0.746761947297901,0.6138419568868,NA
1686,0.972436827087315,1,1.19518313752033,1.10333525249616,0.613953488372093,0.506916974530769,NA
1687,0.737356974463621,1,0.91357537612942,0.830704220573891,0.466101694915254,0.399912655139058,NA
1688,0.870864278795552,1,1.08896913071467,0.974014343313406,0.567555749890686,0.483724367828856,NA
1689,0.679590541833162,1,0.859323671040813,0.75446459603856,0.447589562140646,0.401842375102564,NA
1690,0.93158272194019,1,1.19443802206108,1.02642476349833,0.60896309314587,0.574697578927811,NA
1691,0.902822647689607,1,1.17808524673738,0.987113725313647,0.621008792225821,0.549095946134207,NA
1692,0.755500705317176,1,1.00780912399686,0.819617467281227,0.508152173913043,0.451081452456554,NA
1693,0.874800760670817,1,1.19898418335025,0.941580433590122,0.59,0.502421314731916,NA
1694,1.12788164722171,1,1.59723456162828,1.204348099394,0.734945054945055,0.644790944218454,NA
1695,0.802115392213403,1,1.18055549871925,0.84965348950042,0.585221674876847,0.500190097803556,NA
1696,1.20426376328227,1,1.85176812626863,1.26539857181041,0.844549763033175,0.734410364905155,NA
1697,0.550594906727128,1,0.887862143143459,0.573892799157399,0.404773744405768,0.333696107324268,NA
1698,0.44683372450164,1,0.756199036125598,0.461995052805559,0.358890701468189,0.296612813616537,NA
1699,0.238527937751773,1,0.42239599688496,0.244641988273485,0.179043743641913,0.151244102614357,NA
1700,0.328274306148933,1,0.604168831138921,0.333998109344061,0.223247232472325,0.193753897327782,NA
1701,0.418184125336544,1,0.791872587082905,0.42209698525042,0.294455066921606,0.258698106869661,NA
1702,0.493309082183162,1,0.949051845303657,0.494004128534657,0.345385347288297,0.327579281222308,NA
1703,0.463834326725996,1,0.893585107271042,0.460868410951653,0.321849929211892,0.287797816248761,NA
1704,0.284545142127714,1,0.540463661174891,0.28054982216076,0.213920163766633,0.168038536595964,NA
1705,0.299794951228628,1,0.552697107892778,0.29334325227937,0.214634146341463,0.176363692868577,NA
1706,0.540124561915172,1,0.95281050782806,0.524556842149334,0.390147783251232,0.321518509240554,NA
1707,0.465533127338382,1,0.776621356664335,0.448802489905829,0.315157116451017,0.251343843340032,NA
1708,0.55614553624688,1,0.86961386604463,0.532308394381478,0.343895226024504,0.307701954269864,NA
1709,0.692058429692551,1,1.00825478920997,0.657743491147269,0.452593917710197,0.398236406794649,NA
1710,0.948689394851662,1,1.28359268956427,0.895467326870664,0.649180327868852,0.554010376181953,NA
1711,0.813909630418421,1,1.02155126396876,0.763116081159439,0.545705098759761,0.479037799203469,NA
1712,0.651765994424318,2,0.716549407030567,0.632535580350122,0.510619663243285,0.447413654415127,0.585475513460549
1713,1.04979453225591,2,1.10968001177554,1.01454797871116,0.831713014518126,0.755496230781678,0.585475513460549
1714,1.01999906543007,2,1.03868181329856,0.98912806068488,0.806077890760311,0.694840722113371,0.585475513460549
1715,0.864391028776587,2,0.838986396345821,0.820328445212943,0.622687725927942,0.531834908864728,0.585475513460549
1716,1.03117222184176,2,0.967742344333197,0.980269825288402,0.815542328042328,0.688698277703137,0.585475513460549
1717,0.930735132069497,2,0.847328901890561,0.884031598299614,0.762204857872012,0.63711599837164,0.585475513460549
1718,1.47639813055997,2,1.29854190565702,1.39532586833371,1.13008597408205,0.97643024730341,0.585475513460549
1719,1.39138112785476,2,1.18754810875787,1.3095216955788,1.08418617861506,0.925539334186923,0.585475513460549
1720,0.96056050163981,2,0.778843452402522,0.892490737226602,0.749535514652278,0.630414412587376,0.585475513460549
1721,1.47968667649366,2,1.17128107687488,1.37007023680821,1.11573193911659,1.01225464355378,0.585475513460549
1722,1.79295691806442,2,1.45173379324875,1.67747236006897,1.33230927835052,1.22765240966308,0.585475513460549
1723,1.1410238645365,2,0.915393672457821,1.06606242198241,0.910776490776491,0.796634502227712,0.585475513460549
1724,0.935251361855713,2,0.699657008356687,0.856247442520268,0.689915027528208,0.613057706879708,0.585475513460549
1725,0.993519729908897,2,0.757522096678059,0.915181948193458,0.754586801350272,0.691789922536778,0.585475513460549
1726,1.30304777262147,2,0.999723864486684,1.20257079740757,0.991691509460832,0.875157470794904,0.585475513460549
1727,1.31757449525538,2,0.972173193222228,1.20156965641384,0.985651405473058,0.864508196044892,0.585475513460549
1728,1.61533833978833,2,1.1952517999659,1.47273377353879,1.16590963531427,1.05448308398529,0.585475513460549
1729,1.90772051622979,2,1.36785208506008,1.71986503946595,1.32720129457133,1.1798611034868,0.585475513460549
1730,1.36121515405555,2,0.992125423936209,1.22973756851414,1.03630176605629,0.884879191713412,0.585475513460549
1731,0.943700187474287,2,0.710980310307302,0.858589407325465,0.755176579696086,0.66615677743773,0.585475513460549
1732,1.37998214943467,2,1.08979037899067,1.27092658792127,1.09359396990222,0.982879586825579,0.585475513460549
1733,1.47371743001905,2,1.19387667759111,1.36421223901216,1.19155415606263,1.02757876682156,0.585475513460549
1734,1.48823639262042,2,1.15285496854827,1.3480864804404,1.04855922021239,0.977431059300483,0.585475513460549
1735,1.11272951248975,2,0.899297570252021,1.01851129682105,0.810075294448318,0.715025951556245,0.585475513460549
1736,1.38310429939641,2,1.13643505173911,1.26685941135873,1.01600551677893,0.928158030645698,0.585475513460549
1737,0.933950328934881,2,0.759555727475495,0.846540819268588,0.677928577370412,0.615561144668142,0.585475513460549
1738,0.975126603563702,2,0.805786299772395,0.884709772011131,0.717765733687453,0.675649790629279,0.585475513460549
1739,1.16850873837551,2,0.992497896376126,1.06782873687123,0.935782268669836,0.843294891200056,0.585475513460549
1740,1.34720076561682,2,1.12941456118578,1.21858601111239,1.0312988668896,0.917904724228707,0.585475513460549
1741,1.21508475442203,2,1.02367457568626,1.09804710826088,0.947954885174616,0.861060575616988,0.585475513460549
1742,0.816358217307906,2,0.72070025118674,0.753121074424138,0.650560068358466,0.565824000135872,0.585475513460549
1743,0.998681321805365,2,0.873782514470256,0.917126287467025,0.773014501241669,0.673650521413879,0.585475513460549
1744,0.834405070992343,2,0.713949117337948,0.759009703518203,0.641408326825367,0.561536197710276,0.585475513460549
1745,0.938782260195736,2,0.80979753190432,0.859576179909944,0.730284552845529,0.638470330426168,0.585475513460549
1746,1.09178112729471,2,0.920034598497003,0.992073805352975,0.855893867094831,0.749693901110699,0.585475513460549
1747,1.03518788849895,2,0.848511094982033,0.932142717971577,0.760301576319552,0.680416572345017,0.585475513460549
1748,1.68383399636787,2,1.41507471955588,1.53935660589225,1.32854737010772,1.21774391615495,0.585475513460549
1749,1.89057185296146,2,1.50590396753484,1.69051603898773,1.35801105748382,1.28454047546164,0.585475513460549
1750,1.38636259238512,2,1.12734422109512,1.25277858164639,1.09711540910808,0.984491895323074,0.585475513460549
1751,1.25877896459087,2,1.06599838718846,1.15880579010002,1.04877812026822,0.959528045464301,0.585475513460549
1752,1.15698312305135,2,0.961484807840143,1.05420545657545,0.958368355995056,0.850810332124041,0.585475513460549
1753,1.46825686862689,2,1.25325135731163,1.35142342676024,1.19991556020281,1.08063867188049,0.585475513460549
1754,1.34037906189704,2,1.11663653706753,1.21534220499644,1.11718311351237,0.975103014604797,0.585475513460549
1755,1.18145722166419,2,0.992880934325942,1.07134120871931,0.926688126494149,0.813552697989583,0.585475513460549
1756,1.09470598986389,2,0.927488996341762,0.992410636842284,0.845630331476724,0.737441907194564,0.585475513460549
1757,0.911235505656802,2,0.783891304731752,0.829299123157411,0.80066784369601,0.713272739490905,0.585475513460549
1758,0.548926566841936,2,0.48293653576587,0.504189417364124,0.482436583204804,0.417720841132704,0.585475513460549
1759,0.93683293896206,2,0.822756922731502,0.858505296421744,0.786235818416773,0.698116243261234,0.585475513460549
1760,0.915507759212607,2,0.837634939000423,0.859789158414992,0.836597785997137,0.746598645681488,0.585475513460549
1761,1.06103413572781,2,0.961821467896721,0.992592996578317,0.939290513019939,0.893690531352758,0.585475513460549
1762,1.42742950564606,2,1.26443313200447,1.31836249318985,1.24004576533468,1.15514636920888,0.585475513460549
1763,1.09722010481957,2,0.972753921104984,1.0155302988629,0.988049013960774,0.838275712953378,0.585475513460549
1764,1.11720416078301,2,0.995340001801064,1.03855239780452,1.03203164612291,0.850262523967633,0.585475513460549
1765,1.26403417595413,2,1.1216965475011,1.17171167998358,1.09991926330693,0.95107883308368,0.585475513460549
1766,1.44436097919662,2,1.27441410010097,1.3306730536664,1.19447768956738,1.00426870906261,0.585475513460549
1767,1.32815065354662,2,1.18926162250986,1.23229661714356,1.06830318981074,0.933159770853217,0.585475513460549
1768,1.10400176602952,4,0.927027975162542,1.04999419967202,0.878749181544242,0.759005639823845,0.711279961002972
1769,1.48180735608548,4,1.33043569536981,1.38113680243996,1.2418536602317,1.13250439515021,0.711279961002972
1770,1.29166162237598,4,1.17892759518848,1.20761947234834,1.06671697663979,0.963017352374629,0.711279961002972
1771,1.00695559743414,4,0.98096641103215,0.988907858473141,0.891165383694586,0.774684733334657,0.711279961002972
1772,0.847211562524976,4,0.82537106537139,0.814206402817231,0.794189004269473,0.677102880936859,0.711279961002972
1773,0.856283419680493,4,0.843929468394914,0.824941620684591,0.800067927497431,0.676914704928605,0.711279961002972
1774,0.749153071490678,4,0.746474830409694,0.722953146847499,0.648878435435384,0.57140352565016,0.711279961002972
1775,0.94160645758603,4,0.981232126014938,0.874356451788991,0.773675391198675,0.683054330963695,0.711279961002972
1776,0.81161584401522,4,0.826366645333601,0.780999397387844,0.771283639603845,0.633193647583904,0.711279961002972
1777,0.809282116570001,4,0.804847745837472,0.787095855241519,0.785277064690941,0.685347304085996,0.711279961002972
1778,0.967605960846534,4,0.967125241599238,0.948459938347096,0.889777208998848,0.795535102012923,0.711279961002972
1779,1.23630739666854,4,1.23108963607174,1.21427505119852,1.16176828154285,1.02436623517951,0.711279961002972
1780,1.04184754193684,4,1.03943654539546,1.02192397141097,0.900000354843736,0.798889101238181,0.711279961002972
1781,1.26652447452655,4,1.27733282735619,1.26160319325872,1.14753881639881,1.00914735561202,0.711279961002972
1782,0.966202341717782,4,0.965318327547093,0.943443071773042,0.842304767323194,0.736304617491124,0.711279961002972
1783,0.867210185703185,4,0.882047061400526,0.840443804123878,0.796049853049435,0.674106166788076,0.711279961002972
1784,0.913402804006965,4,0.927481651063429,0.887953582999347,0.846791032676526,0.732691969128562,0.711279961002972
1785,0.987267891910849,4,0.994426478652277,0.969218818856528,0.897655251437823,0.747098831950222,0.711279961002972
1786,1.00762696933131,4,1.00704563102573,0.956980079521986,0.838879258185465,0.774878704421518,0.711279961002972
1787,1.38117073721906,4,1.40576896471857,1.40149946995851,1.17669023426845,1.08133759965656,0.711279961002972
1788,0.941782947475487,4,0.946679688468463,0.91486533622881,0.818280346966582,0.715689311461349,0.711279961002972
1789,0.735813399306858,4,0.782610138216324,0.732743759151116,0.674422955393466,0.577324286491508,0.711279961002972
1790,0.974091593082066,5,0.965930650934491,0.961105617039604,0.84829524572258,0.770074226622587,0.747709505258788
1791,0.905634716467037,5,0.904239991306902,0.89353258556787,0.786201515792322,0.690720952260587,0.747709505258788
1792,0.951952544554836,5,0.93001823602084,0.940503328628237,0.875461399293858,0.758850499437198,0.747709505258788
1793,1.23986539879654,5,1.20546858363194,1.22176931347854,1.04231993126531,0.884277214656115,0.747709505258788
1794,1.11098632452348,5,1.08628052534203,1.09617505974706,0.93925478293204,0.858890465809397,0.747709505258788
1795,1.04750007643798,5,1.03717323986589,1.04033937103195,0.956005511055607,0.847634797496454,0.747709505258788
1796,1.10447715045966,5,1.01608487253968,1.08552155166011,0.97799647278165,0.894120542225034,0.747709505258788
1797,1.10201418930322,5,1.10689211431826,1.10562229154677,1.06058298397718,0.929231210651177,0.747709505258788
1798,0.830456813036005,6,0.821519023113828,0.834118896741733,0.727344334598181,0.631022233749822,0.740144276692825
1799,0.908263895509417,6,0.892030542937194,0.912985792623561,0.756628942985278,0.674373946320241,0.740144276692825
1800,0.895352202350507,6,0.853608644580245,0.885715613883645,0.712720988474234,0.625612120010135,0.740144276692825
1801,0.69534981183016,6,0.679336894385065,0.692716682175768,0.583624003435781,0.495653871823209,0.740144276692825
1802,1.15291722686526,6,1.13593529858049,1.15362229691493,1.00354943298853,0.868333034484408,0.740144276692825
1803,1.5386246354823,8,1.46000066076609,1.51231013012108,1.34945871835965,1.14956706049473,0.798594196693695
1804,1.11091248489224,8,1.06798943333243,1.09765658728071,0.899442105783907,0.821301689744392,0.798594196693695
1805,1.25998760829002,8,1.2587711123402,1.25008592229163,1.14624453980431,1.0063287627601,0.798594196693695
1806,1.31022436944792,9,1.27987356395656,1.29160709201479,1.15376530778532,1.00312558949758,0.820646193817096
1807,0.841383628995685,9,0.830779342301231,0.830069945324072,0.771326126616071,0.64714080749891,0.820646193817096
1808,0.779666895078596,9,0.778541704380571,0.767501700887621,0.741629415976946,0.619636467518292,0.820646193817096
1809,0.763652573691724,10,0.787324358858093,0.764183922783362,0.674240938538779,0.57822594831987,0.82399665146872
1810,0.885023922030749,10,0.920370600584373,0.890390666198991,0.816193571036881,0.703603827460352,0.82399665146872
1811,0.772088805057074,10,0.800800947825769,0.77051500240469,0.687421350576894,0.580753875433371,0.82399665146872
1812,0.970758282015701,10,1.01754915356768,0.96536254066606,0.885768122696998,0.753473124660303,0.82399665146872
1813,0.828331763344378,10,0.87248517308198,0.830464709034886,0.747845753348007,0.643496423687745,0.82399665146872
1814,0.896402138002917,10,0.916405535847648,0.885986501402646,0.812108558491872,0.697033318895221,0.82399665146872
1815,1.00105942566188,10,1.04139058381694,0.997702944059353,0.872113052793428,0.75954583032657,0.82399665146872
1816,1.21804246489069,10,1.26650363067656,1.21601743625572,1.10592176217776,0.989236929065938,0.82399665146872
1817,1.14865822980103,10,1.18187169497595,1.14421359655405,1.01347603613175,0.912911637617927,0.82399665146872
1818,1.07844188876883,10,1.09375662543973,1.0771075398216,0.945609161664154,0.81272772280504,0.82399665146872
1819,0.757863256890784,11,0.753441156525612,0.760316719045472,0.691337642969529,0.585266882825548,0.84078913245589
1820,1.16686148668004,11,1.16877736013541,1.16409556761313,1.02361687932378,0.884074939698297,0.84078913245589
1821,0.908341374704173,11,0.894263625727769,0.904843198171181,0.822082094103492,0.696127038279801,0.84078913245589
1822,0.871476018819626,11,0.878461831627969,0.871604509992419,0.796532223880859,0.672554179709188,0.84078913245589
1823,0.9228362501144,11,0.90857710771246,0.91834703579151,0.815332246212882,0.680447003257022,0.84078913245589
1824,0.906146193770839,11,0.898592801534909,0.909451401772417,0.827768394057507,0.697184562527817,0.84078913245589
1825,0.865125914487848,11,0.850056315966286,0.864881137410917,0.773627782098667,0.669752578943631,0.84078913245589
1826,1.07861062304489,11,1.03832695059481,1.09057405124219,0.923733089900628,0.800097672451274,0.84078913245589
1827,1.22006960852192,11,1.16490549243123,1.21320053337968,1.08313855983276,0.949638911682981,0.84078913245589
1828,1.08651809851407,11,1.05924398935687,1.0875832549134,0.966928032872086,0.866538684689671,0.84078913245589
1829,1.23857395883702,11,1.20858894753819,1.24153764327746,1.05870768534768,0.960075732394649,0.84078913245589
1830,1.18901434595798,11,1.15561821546878,1.18864098857535,1.03925676977836,0.912855263499973,0.84078913245589
1831,1.02755027597749,11,1.00427105911401,1.02679243628999,0.890487028612136,0.781315755012441,0.84078913245589
1832,0.985932563614506,11,0.974740652810501,0.99484426767035,0.870725261184012,0.771015239870721,0.84078913245589
1833,1.06093690603019,11,1.04746844980691,1.0653154592768,0.912482481661983,0.821038180030822,0.84078913245589
1834,0.864205234191125,11,0.862343766227041,0.869647932794168,0.776046163848706,0.664548154306093,0.84078913245589
1835,0.997930373218495,11,1.00375880532718,1.00272305667212,0.929891588361134,0.8057492169212,0.84078913245589
1836,0.959177159841037,11,0.965247264641876,0.956691016315201,0.880916160580295,0.794443846517688,0.84078913245589
1837,1.08503423768991,11,1.114608065328,1.09094258330932,0.95691096081699,0.858882685303593,0.84078913245589
1838,0.99790625562785,11,1.03007093861701,1.00199703788904,0.895888125410315,0.777329646870125,0.84078913245589
1839,1.24752889577089,11,1.30331103047434,1.24326120913367,1.1533297191357,1.03746252468975,0.84078913245589
1840,1.07413017091293,11,1.13553902696678,1.08115607909328,0.984758893023633,0.883149254513897,0.84078913245589
1841,0.518778559152264,11,0.552143268212337,0.52086148439737,0.479688065447084,0.419462354698881,0.84078913245589
1842,0.66012770777395,11,0.687477388935471,0.661034457314267,0.579048877033803,0.499861556587464,0.84078913245589
1843,0.690206385412254,11,0.74708054333053,0.691016810071969,0.619630929452398,0.534451389600688,0.84078913245589
1844,0.76346570982786,11,0.806538757152825,0.770578255015054,0.6873807742993,0.608637639678667,0.84078913245589
1845,0.911535289267481,11,0.953821892531745,0.915028608480067,0.82901609720466,0.744669744412125,0.84078913245589
1846,1.07637636030129,11,1.10038958683093,1.06847080489276,1.03047057676213,0.930172735514052,0.84078913245589
1847,1.12781488758543,11,1.1436476585566,1.13328353939082,1.05660495306198,0.935909996898758,0.84078913245589
1848,0.943432559741935,11,0.957748757493564,0.954291364645839,0.96837067963397,0.847903212235052,0.84078913245589
1849,1.21427770897847,11,1.24879132472578,1.2218132615935,1.11536881847684,0.996816790924595,0.84078913245589
1850,1.04632237791172,11,1.06418780399656,1.05714000672639,0.969814370118674,0.863189412640416,0.84078913245589
1851,0.882640140758943,11,0.883722325251837,0.894603466370328,0.841646327997849,0.75353203831407,0.84078913245589
1852,0.91776017180742,12,0.98745842553275,0.963557745565724,0.905269797681285,0.814905885990809,0.85249265418601
1853,1.12823114534908,12,1.14820036208267,1.15423750019386,1.00523936890536,0.902424895165532,0.85249265418601
1854,0.956087714418838,12,0.958942502367648,0.971941242156265,0.925286064355582,0.802439266448632,0.85249265418601
1855,0.961100920912747,12,0.991275381406614,0.994987000121289,0.936223739786785,0.822448185209705,0.85249265418601
1856,0.903219627920215,13,0.936571638856809,0.930818883662729,0.89208843185253,0.787130196949979,0.852445560424431
1857,1.06529755386857,13,1.09383645438332,1.09471187101237,1.00827699210089,0.849883684209331,0.852445560424431
1858,1.08429328236585,13,1.13147372412312,1.11717351026655,1.0512133593751,0.938961996746201,0.852445560424431
1859,0.959295321449933,13,0.992100017400748,1.00445880478314,0.912767621328788,0.8178192721141,0.852445560424431
1860,0.784969347898015,13,0.810894624761079,0.782781952011836,0.794160174285606,0.685204462249871,0.852445560424431
1861,0.826983768816061,13,0.85076359525544,0.853368726492984,0.867883136988269,0.764510356683624,0.852445560424431
1862,1.04187753668487,13,1.07003939539652,1.07688609691984,1.05500892450982,0.95844466025359,0.852445560424431
1863,0.952510623971938,13,0.981721654141866,1.00317290905717,1.00220308532294,0.899289227610211,0.852445560424431
1864,1.01143381717514,13,1.02636208836042,1.04427822950214,1.00298479878984,0.901446819451139,0.852445560424431
1865,0.90997245766928,13,0.911739505371084,0.935022931699179,0.901176024730247,0.810415697353029,0.852445560424431
1866,1.08946925867224,13,1.0875661249902,1.10564865650367,1.09768712715257,1.0169252573107,0.852445560424431
1867,0.845819665098242,13,0.847325667770466,0.874701956524908,0.864801864009844,0.780971685072678,0.852445560424431
1868,1.22818547689115,13,1.20752628511851,1.22900338297318,1.22240732091994,1.10827510492981,0.852445560424431
1869,0.79224482009056,13,0.776180527506062,0.802672833832467,0.785035543505597,0.704011320710358,0.852445560424431
1870,0.895297445398402,13,0.875964864311834,0.916317769828806,0.876370729356495,0.781678224381838,0.852445560424431
1871,1.10779214617862,13,1.07961690187483,1.14060753728689,1.0577940188916,0.940320479998529,0.852445560424431
1872,1.2063600037614,13,1.15552385902911,1.23227710469679,1.19263984269103,1.08800870069252,0.852445560424431
1873,0.90009722171465,13,0.869423796431906,0.925740357172454,0.878216977332703,0.769719773975527,0.852445560424431
1874,1.10472863717143,13,1.06513999322732,1.14447185027451,1.0894009552199,0.997364179193751,0.852445560424431
1875,1.08812300500692,13,1.02778048380318,1.12259560903924,1.0791457223049,0.980944953055013,0.852445560424431
1876,1.15425703652318,13,1.06347751578115,1.19388316859339,1.13588339313185,0.946161651839747,0.852445560424431
1877,1.17631970412145,13,1.09375722108704,1.18455703794697,1.14208392701746,1.03924385369095,0.852445560424431
1878,1.22485752247753,13,1.17531867358441,1.26067472681313,1.1870936599467,1.10356121801768,0.852445560424431
1879,0.839354692627052,13,0.845720994436451,0.877866819769515,0.834787671406663,0.732800336788564,0.852445560424431
1880,0.960418667403711,13,0.953267163941004,1.01228411493208,0.889089924294451,0.836113372192061,0.852445560424431
1881,0.825210410717827,13,0.828509591926263,0.852078748058359,0.828939579123682,0.747671258668407,0.852445560424431
1882,1.0364966594101,13,1.02269033500665,1.06968972114259,0.992454125994641,0.901357658009519,0.852445560424431
1883,0.86871101841145,13,0.859899953301168,0.900894169304866,0.864597538243193,0.778598417572113,0.852445560424431
1884,1.11428781748084,13,1.12906394641301,1.20527459943778,1.17683677309665,1.10409851172512,0.852445560424431
1885,0.905224465489891,13,0.913864409590119,0.928465873229889,0.939360324575599,0.891317137862788,0.852445560424431
1886,1.12752534393596,13,1.12189413881335,1.17097523636338,1.08189872035577,1.00279095589719,0.852445560424431
1887,0.993751304503214,13,1.02166952499207,1.02742616210071,1.01788330149807,0.925117014812306,0.852445560424431
1888,1.01906919076555,13,1.02793368584514,1.04691276835364,1.02900942771659,0.956503490806602,0.852445560424431
1889,1.05564597852289,13,1.07340733455931,1.07709217372122,1.09407056220009,0.999135730775006,0.852445560424431
1890,0.833164038145736,13,0.864946735816349,0.875099611099482,0.841331486234533,0.763464098010308,0.852445560424431
1891,0.944977891373482,13,0.976166655018014,0.989168421273338,0.970820577297995,0.884656400471887,0.852445560424431
1892,0.808856893627617,13,0.823901919666281,0.831433943251451,0.937270009137985,0.843436079561478,0.852445560424431
1893,1.01379109149622,13,1.01841985718657,1.02132334107139,1.07151017140324,1.0021401508665,0.852445560424431
1894,1.03277691246777,13,1.02775608158251,1.02172800078346,0.984735557810947,0.92776993430803,0.852445560424431
1895,1.25538958563669,13,1.2707932551321,1.27551285815647,1.32136844319764,1.202647352118,0.852445560424431
1896,0.778261159964003,13,0.806602460386369,0.79624890816658,0.846077196043446,0.750451962523604,0.852445560424431
1897,0.851364741279895,13,0.892758746966546,0.86670345493907,0.952637152695291,0.821174060316104,0.852445560424431
1898,0.810978474419612,13,0.87523297675975,0.842303573616594,0.882245948216679,0.790176296293787,0.852445560424431
1899,0.749671372398073,13,0.793090554764446,0.768525019116629,0.780960597739824,0.692274529988965,0.852445560424431
1900,1.01541570804003,13,1.10030432422853,1.06912653730905,1.03995917641364,0.949019990894749,0.852445560424431
1901,1.08862213800501,13,1.1950369442372,1.16057144745945,1.16610223752513,1.06998097782812,0.852445560424431
1902,1.08428937368782,13,1.16491513830114,1.13316095473943,1.11944429205783,1.00422593579133,0.852445560424431
1903,0.974822378471864,13,1.08151983617275,1.03402846521476,1.01794357053738,0.923914506126368,0.852445560424431
1904,0.845672449619537,14,0.904755178945847,0.892308957526957,0.880290409579525,0.80537474112856,0.859022826466091
1905,1.01311643511049,14,1.06919873529906,1.04273230917235,1.00512950430868,0.939532114967905,0.859022826466091
1906,0.803704822832866,14,0.841232471524706,0.826628043835818,0.783712424298458,0.726324370519164,0.859022826466091
1907,1.00960892602061,14,1.07352533329306,1.0481517566506,1.05567948658488,0.97908068246149,0.859022826466091
1908,0.951813110158529,14,0.993704996885364,0.986285635353617,0.964803225545584,0.867204114258781,0.859022826466091
1909,0.813668761589917,14,0.850089077064181,0.850526791385706,0.835622116828876,0.734200810418815,0.859022826466091
1910,0.895257134304048,14,0.934444766827801,0.946819928482902,0.933463130044802,0.843534697667003,0.859022826466091
1911,0.922585250062841,14,0.9688315233446,0.974039260591722,0.955462513538201,0.874786740858879,0.859022826466091
1912,0.981616782394921,14,1.0070474785662,1.00548438515398,1.04577784448561,0.950270071266594,0.859022826466091
1913,0.885412768855354,16,0.91523008210974,0.921529715881431,0.909032190311666,0.819912365558734,0.862973737003252
1914,0.909883703162774,17,0.930187426485802,0.947845896377255,0.930824883389967,0.832601115346394,0.874173903015234
1915,1.12297824469928,17,1.15451137550424,1.18370241771367,1.10936477843326,1.03822791764887,0.874173903015234
1916,1.11724531297927,17,1.11359125129702,1.155898117286,1.11795219954136,1.00643536649863,0.874173903015234
1917,0.847864179546293,17,0.856453767217704,0.870891697665611,0.86024797925782,0.753143381510292,0.874173903015234
1918,1.0325810436172,18,1.04028398798701,1.0773072900663,1.06575061244501,0.961860479959181,0.878786535010235
1919,1.01871309652561,18,1.037398360799,1.05607735089058,1.10664160450151,0.993568886683708,0.878786535010235
1920,1.11022652546698,18,1.12949008827058,1.14298089185296,1.11969282798215,1.04006078490403,0.878786535010235
1921,0.936465995502104,18,0.967863377061847,0.976676189514742,0.96115148813198,0.841619593618552,0.878786535010235
1922,1.00011080938678,18,1.02851744632624,1.03535656113519,1.05369255516951,0.924137684950775,0.878786535010235
1923,0.873769422568547,18,0.920392238433773,0.898080123635163,0.92378015585024,0.848878052977476,0.878786535010235
1924,1.02670864246254,18,1.07214657981298,1.0620083631501,1.10189837892424,1.02235841036178,0.878786535010235
1925,0.937480595738816,19,0.983801240878721,0.977347101566548,0.940432562075248,0.86407279429504,0.867481029398873
1926,0.842426991025573,19,0.908614467338916,0.881662333548936,0.887476175687889,0.799100259617267,0.867481029398873
1927,1.21777771625813,20,1.30703263888641,1.25893805207274,1.26483794910954,1.1889751393966,0.877880023574619
1928,1.23611079383574,20,1.31841571445563,1.28608397817091,1.32333858883204,1.23822061907059,0.877880023574619
1929,0.831816821293796,20,0.877286665707507,0.846889788005953,0.914671954745749,0.799870354806951,0.877880023574619
1930,0.803410513208908,20,0.867411813083962,0.816694345003098,0.939338462645141,0.842163568184551,0.877880023574619
1931,0.816278315889061,20,0.885166647834061,0.83871171151201,0.936515145037213,0.857927272083183,0.877880023574619
1932,0.711224649719832,20,0.781780154781189,0.738607131203532,0.76910389131973,0.660325455597384,0.877880023574619
1933,0.689914732323432,20,0.762145227403955,0.71828045964729,0.785900022280245,0.687586488540933,0.877880023574619
1934,0.746001505934612,20,0.816845521501276,0.774550210632507,0.851361410589805,0.740294920229168,0.877880023574619
1935,0.883125777908867,21,0.933427642635186,0.90592905347714,0.995261810562689,0.900151071167166,0.883130961906941
1936,0.779066562020351,21,0.832926840149431,0.798701904375358,0.849331090731715,0.766390786665138,0.883130961906941
1937,0.979341780378835,21,1.04303119218468,0.990935695237534,1.01457367614663,0.925141673572062,0.883130961906941
1938,0.991767163321736,21,1.03676980011127,1.01275148701978,1.06455687024105,0.997283541142863,0.883130961906941
1939,1.03335468268618,21,1.0687560888213,1.06161797666543,1.13157378174986,1.03101068433781,0.883130961906941
1940,1.05952118660236,21,1.08406840048065,1.07816865341872,1.1669339514303,1.0626241107358,0.883130961906941
1941,1.14459824041427,21,1.1410892884177,1.16565486283682,1.18955239125355,1.106599824189,0.883130961906941
1942,0.885139379267867,21,0.918406822080386,0.928359451578833,1.00055863484558,0.898978247350684,0.883130961906941
1943,1.17927196454119,21,1.1915550309602,1.22177197478971,1.25246232749352,1.16184860857396,0.883130961906941
1944,1.1633223113104,21,1.14924300203633,1.20429212638046,1.19478239747062,1.13568449687371,0.883130961906941
1945,0.975978448809966,21,0.969359035614831,0.966597688213859,1.08194787585863,0.979614743826168,0.883130961906941
1946,0.937607493781832,21,0.939527551563396,0.966690725121116,1.03938930525517,0.937430465562016,0.883130961906941
1947,1.02823162993805,21,1.01900815881232,1.04987640487376,1.09383522295537,0.994003736756374,0.883130961906941
1948,0.981611007086628,21,0.932907981786065,0.996052967817842,1.02120369213491,0.904550737406651,0.883130961906941
1949,0.930310006219981,21,0.912226704181444,0.960738408449793,0.995140175982452,0.886586577047401,0.883130961906941
1950,0.954322795574751,21,0.949560192578841,0.975347531248729,1.02500958902756,0.927544505911644,0.883130961906941
1951,1.07097878866421,21,1.07509971759446,1.07886790121316,1.17706287241969,1.08199648247915,0.883130961906941
1952,0.951025051276057,21,0.946318416444029,0.971037933717862,1.05554758653129,0.976047703994073,0.883130961906941
1953,1.07361003928331,22,1.06523331295221,1.09571485714885,1.13083295463796,1.05144148083872,0.887460814774757
1954,1.10401571747652,22,1.10928167578088,1.13158456418814,1.14969663443926,1.07211433701776,0.887460814774757
1955,0.872271367364825,22,0.898060761080327,0.917719379598815,0.942262704353789,0.849487568606212,0.887460814774757
1956,0.982972526405947,22,0.997251533771717,1.02162593423878,1.01250403399188,0.935658471636905,0.887460814774757
1957,0.924539164413822,22,0.942030357705224,0.962030821564426,0.968320279916206,0.875888327116671,0.887460814774757
1958,0.950469080559245,22,0.975072367612118,0.990607447049078,1.04099413582256,0.925092111308176,0.887460814774757
1959,0.951032921021207,22,0.979190900385334,0.996697248482479,1.01024273996851,0.897032659626206,0.887460814774757
1960,1.05761932570759,22,1.09052159452686,1.0788348379598,1.07706925193367,1.00842308667189,0.887460814774757
1961,0.98916283691659,22,1.01931026468194,1.01166577424121,1.05034884673712,0.951623230903353,0.887460814774757
1962,0.925918325714976,22,0.963588363999337,0.966522379903391,0.973224830332229,0.881211264371407,0.887460814774757
1963,0.982945424704196,22,1.0094536155521,0.999161529927917,1.0618686428106,1.00867656841698,0.887460814774757
1964,1.00159009508099,22,1.0448324775637,1.03416035166815,1.07426025997556,0.980073233564762,0.887460814774757
1965,0.862198136267885,22,0.906428769663326,0.897048350299529,0.945581369012129,0.842317957949243,0.887460814774757
1966,1.06130130384518,22,1.09981605890204,1.08878686690556,1.11250278125528,1.02225298481909,0.887460814774757
1967,0.910885177774644,22,0.942095365922947,0.935202630110725,0.965433627215969,0.862313412344961,0.887460814774757
1968,0.915497525946693,22,0.948725299203316,0.947772843450871,0.962418538503846,0.853716358116678,0.887460814774757
1969,0.870281500925677,22,0.891928604190119,0.891652791048934,0.924496140444934,0.829296924183598,0.887460814774757
1970,0.746096481106877,22,0.788370350886441,0.775213990003108,0.823666356443553,0.714934348120309,0.887460814774757
1971,0.777700658787737,22,0.813398666922201,0.809685965172805,0.878036331655898,0.768566209893843,0.887460814774757
1972,0.841695767477868,22,0.863215003710375,0.867961777144503,0.937169486305462,0.847157413695084,0.887460814774757
1973,1.21928142379845,22,1.25672706136433,1.2667156744205,1.24606196929184,1.23235220445427,0.887460814774757
1974,1.2429945866126,22,1.25106103631297,1.25972258155231,1.25123893151857,1.19877160257094,0.887460814774757
1975,1.02645435963253,22,1.03823435462969,1.06622141528068,1.06795255394812,1.0137894779861,0.887460814774757
1976,1.22917354172487,22,1.24923114158874,1.26188920373136,1.2183824457242,1.20760786209757,0.887460814774757
1977,0.995167780901796,22,1.01302799994427,1.01482372865896,1.03790160983686,0.962267425554384,0.887460814774757
1978,0.987030270987897,22,0.98669065933008,0.992599330071793,1.02181658074028,0.951984225812415,0.887460814774757
1979,1.03444056076961,22,1.04316876852883,1.02882163361661,1.01802052013002,1.00396673824961,0.887460814774757
1980,0.892110871248014,22,0.92448884737462,0.89146515332259,0.976410803325897,0.884453113713651,0.887460814774757
1981,0.876385893947263,22,0.871133863351538,0.86007312330269,0.93334239426097,0.843625817263863,0.887460814774757
1982,1.11179111300834,22,1.10525984161502,1.13688704324679,1.11977491475858,1.07489568310908,0.887460814774757
1983,0.88240374495666,22,0.87230048590014,0.904981566702044,0.935785325159874,0.833978601053903,0.887460814774757
1984,0.842242634797167,22,0.828898408473563,0.851496039289066,0.866017899760548,0.771461546750302,0.887460814774757
1985,1.01287695977559,22,0.991427113324183,1.03925659835652,1.02904533327532,0.948343448861501,0.887460814774757
1986,1.00038950874341,22,0.970688045118181,1.02385254819755,0.97145276348915,0.898003385916339,0.887460814774757
1987,0.909796326002587,22,0.88232875337182,0.937005059185801,0.950650645703197,0.855573981776733,0.887460814774757
1988,0.955872271069118,22,0.934086442081458,0.968240266055498,0.944811414098356,0.856146029123773,0.887460814774757
1989,1.0123892886971,22,0.977121817412285,1.04390701158062,1.03257531253874,0.975390712965997,0.887460814774757
1990,1.01869304464216,22,1.01934823786802,1.04031138636897,1.05366519316143,0.969320347206313,0.887460814774757
1991,1.14674259589178,22,1.09081455782883,1.1913402969319,1.15561304876914,1.09550817905356,0.887460814774757
1992,1.12349572109272,22,1.05363884991207,1.11466816741205,1.13535829711301,1.098423139997,0.887460814774757
1993,1.07622606234355,22,1.00132412332818,1.0912158359073,1.06161722179418,0.984882208314718,0.887460814774757
1994,1.00266092268927,22,0.954386825941964,0.995128872886388,1.04615161291766,0.993864026609248,0.887460814774757
1995,1.22028988887199,22,1.19612481049953,1.23388822265794,1.15653087207659,1.18836456882487,0.887460814774757
1996,0.834792166960123,22,0.802793572029835,0.828971900286092,0.912282414293883,0.846901173828796,0.887460814774757
1997,1.05924447569993,22,1.02274662086655,1.05371125151133,1.13477030741994,1.08025650753097,0.887460814774757
1998,1.1435102831216,22,1.08636890827105,1.131680177627,1.11429357232153,1.09061718259399,0.887460814774757
1999,1.12990716452932,22,1.08916894632776,1.12623859545682,1.07912573757642,1.03617153791522,0.887460814774757
2000,0.885039294717022,22,0.87119659826665,0.874941820747576,0.91226833263947,0.823320992278623,0.887460814774757
2001,1.21925052500225,22,1.16685827373192,1.21404247835101,1.18437683893796,1.16400033563161,0.887460814774757
2002,1.14390479947744,22,1.08620992606799,1.11454745041982,1.09615585107636,1.07778514566419,0.887460814774757
2003,0.925408578716341,22,0.844181693166713,0.920390025478835,0.943669111249928,0.886694627894013,0.887460814774757
2004,0.948398665790437,22,0.902389715102317,0.956952974313463,0.935874887962524,0.858476767924154,0.887460814774757
2005,0.978415060159306,22,0.934439070954047,0.998156521975942,0.947871903860099,0.85799550197571,0.887460814774757
2006,1.04570303038654,22,0.996635814750521,1.05256517366631,0.998578400797779,0.921713209500159,0.887460814774757
2007,0.876148868169154,22,0.840199215981484,0.88279453611685,0.859708698934875,0.781040895788659,0.887460814774757
2008,1.0469334283552,22,1.00340327135495,1.04787427171352,1.01641856889343,0.978351386478254,0.887460814774757
2009,1.14462879993198,22,1.10773196399088,1.14322239959229,1.08118901630696,1.04713904731439,0.887460814774757
2010,1.20051796238047,22,1.16061465126882,1.23572778635766,1.10275785229832,1.05586628280205,0.887460814774757
2011,1.05834778571485,22,1.01141581142949,1.09189288826025,1.00299101236244,0.962082782723346,0.887460814774757
2012,0.99934417515091,22,0.981458942620107,0.996521887088048,0.978515932935007,0.922766245507425,0.887460814774757
2013,1.01587357056242,22,0.982884901976498,1.0121103445293,1.02117210135591,0.969260771523559,0.887460814774757
2014,1.01144141084012,22,0.990585148740974,1.02104659468009,1.03566385424474,0.983629639297388,0.887460814774757
2015,0.775151392612155,22,0.756185849797757,0.780284123681687,0.817505273608771,0.714987948338364,0.887460814774757
2016,1.02422245947347,22,1.0007158943839,1.04474897762442,0.987746490087836,0.913297345120255,0.887460814774757
2017,1.03730768954281,22,1.03329298734093,1.04631095419001,1.05567591619498,1.03025355371077,0.887460814774757
2018,0.863032830534605,22,0.815538857920353,0.872447495536756,0.90975256115011,0.816507411308986,0.887460814774757
2019,1.05381745004697,22,0.987998868534304,1.06979993644488,1.05699113359811,1.01415642142166,0.887460814774757
2020,1.04959906518278,22,1.0195725342882,1.07770567071189,1.11194223579938,1.07099975283384,0.887460814774757
2021,1.26275020497088,22,1.20425988466704,1.27548846900078,1.1965889141961,1.17356885966004,0.887460814774757
