year,mean_r
1911,0.134155
1912,0.117613
1913,0.060703
1914,0.093660
1915,0.105906
1916,0.208598
1917,0.219050
1918,0.243820
1919,0.245247
1920,0.297387
1921,0.325883
1922,0.326386
1923,0.331007
1924,0.357197
1925,0.382831
1926,0.376237
1927,0.370799
1928,0.376659
1929,0.378584
1930,0.365530
1931,0.354914
1932,0.349605
1933,0.425232
1934,0.415306
1935,0.422323
1936,0.417755
1937,0.381989
1938,0.370771
1939,0.345088
1940,0.342156
1941,0.305720
1942,0.282850
1943,0.320278
1944,0.321439
1945,0.322634
1946,0.268896
1947,0.286779
1948,0.295116
1949,0.289155
1950,0.292776
1951,0.326037
1952,0.352438
1953,0.318631
1954,0.237951
1955,0.250087
1956,0.258394
1957,0.240491
1958,0.253816
1959,0.279743
1960,0.327406
1961,0.327914
1962,0.329866
1963,0.329076
1964,0.276797
1965,0.267776
1966,0.235174
1967,0.279244
1968,0.291036
1969,0.304750
1970,0.299047
1971,0.306437
1972,0.272620
1973,0.303726
1974,0.340142
1975,0.349203
1976,0.315331
1977,0.323094
1978,0.385825
1979,0.363879
1980,0.331626
1981,0.297080
1982,0.275482
1983,0.251793
1984,0.268445
1985,0.281537
1986,0.284899
1987,0.312877
1988,0.297663
1989,0.306659
1990,0.285559
1991,0.293766
1992,0.257628
1993,0.252433
1994,0.209711
1995,0.211677
1996,0.228852
1997,0.249127
1998,0.211142
1999,0.130623
2000,0.143844
2001,0.179694
2002,0.195787
2003,0.189737
2004,0.178136
2005,0.185784
2006,0.237817
2007,0.291051
2008,0.284295
2009,0.284156
2010,0.265552
2011,0.250031
2012,0.245649
2013,0.260725
2014,0.276682
